Data Source,World Development Indicators,,,,,,,,,,,,,,,,,,,,,,,,,
,,,,,,,,,,,,,,,,,,,,,,,,,,
Last Updated Date,26/10/2023,,,,,,,,,,,,,,,,,,,,,,,,,
,,,,,,,,,,,,,,,,,,,,,,,,,,
Country Name,Country Code,Indicator Name,Indicator Code,2000,2001,2002,2003,2004,2005,2006,2007,2008,2009,2010,2011,2012,2013,2014,2015,2016,2017,2018,2019,2020,2021,2022
Aruba,ABW,Electricity production from coal sources (% of total),EG.ELC.COAL.ZS,,,,,,,,,,,,,,,,,,,,,,,
Africa Eastern and Southern,AFE,Electricity production from coal sources (% of total),EG.ELC.COAL.ZS,71.50419283,71.15746309,70.65712466,71.55464699,71.04659452,70.73980078,70.09303647,69.90798008,69.11001635,67.47753733,67.30660928,66.52821975,66.18081849,64.48996758,62.32286735,61.22450253,,,,,,,
Afghanistan,AFG,Electricity production from coal sources (% of total),EG.ELC.COAL.ZS,,,,,,,,,,,,,,,,,,,,,,,
Africa Western and Central,AFW,Electricity production from coal sources (% of total),EG.ELC.COAL.ZS,0.358191418,0.337248556,0.308242693,0.338242021,0.308601201,0.315286455,0.316650589,0.295584356,0.334304582,0.366478323,0.333267692,0.400330768,0.378718061,0.337532287,0.336352973,0.296089576,,,,,,,
Angola,AGO,Electricity production from coal sources (% of total),EG.ELC.COAL.ZS,0,0,0,0,0,0,0,0,0,0,0,0,0,0,0,0,,,,,,,
Albania,ALB,Electricity production from coal sources (% of total),EG.ELC.COAL.ZS,0,0,0,0,0,0,0,0,0,0,0,0,0,0,0,0,,,,,,,
Andorra,AND,Electricity production from coal sources (% of total),EG.ELC.COAL.ZS,,,,,,,,,,,,,,,,,,,,,,,
Arab World,ARB,Electricity production from coal sources (% of total),EG.ELC.COAL.ZS,1.916437535,2.392999112,2.226945128,2.159407981,2.170472796,2.030276316,1.934513882,1.756573996,1.528248746,1.355180808,1.231210908,1.281668085,1.231329014,1.205524645,1.479463753,1.51388235,,,,,,,
United Arab Emirates,ARE,Electricity production from coal sources (% of total),EG.ELC.COAL.ZS,0,0,0,0,0,0,0,0,0,0,0,0,0,0,0,0,,,,,,,
Argentina,ARG,Electricity production from coal sources (% of total),EG.ELC.COAL.ZS,2.003149252,1.511402097,0.960297444,1.018146257,1.675235861,2.066527002,1.865835743,2.179397663,1.592875234,1.439480311,2.405339166,2.835861217,2.920509928,2.548929378,2.217283665,2.029567389,,,,,,,
Armenia,ARM,Electricity production from coal sources (% of total),EG.ELC.COAL.ZS,0,0,0,0,0,0,0,0,0,0,0,0,0,0,0,0,,,,,,,
American Samoa,ASM,Electricity production from coal sources (% of total),EG.ELC.COAL.ZS,,,,,,,,,,,,,,,,,,,,,,,
Antigua and Barbuda,ATG,Electricity production from coal sources (% of total),EG.ELC.COAL.ZS,,,,,,,,,,,,,,,,,,,,,,,
Australia,AUS,Electricity production from coal sources (% of total),EG.ELC.COAL.ZS,83.02757977,83.28896618,77.10860329,77.48905189,77.65639994,79.52808664,79.62161674,77.05357253,75.83483151,74.89993752,71.32764169,67.98827917,68.5549644,63.71539254,61.16432507,62.8716168,,,,,,,
Austria,AUT,Electricity production from coal sources (% of total),EG.ELC.COAL.ZS,11.2553028,13.15440418,12.87681613,16.37261821,14.7042681,13.1592414,14.0481007,12.85680286,10.77190101,7.592436214,9.868401684,11.77896968,9.087469073,9.456235476,7.970332381,8.226608163,,,,,,,
Azerbaijan,AZE,Electricity production from coal sources (% of total),EG.ELC.COAL.ZS,0,0,0,0,0,0,0,0,0,0,0,0,0,0,0,0,,,,,,,
Burundi,BDI,Electricity production from coal sources (% of total),EG.ELC.COAL.ZS,,,,,,,,,,,,,,,,,,,,,,,
Belgium,BEL,Electricity production from coal sources (% of total),EG.ELC.COAL.ZS,19.36621845,16.2354677,15.64140896,13.89164802,13.61065996,12.24258829,10.92616304,9.515812083,8.656066425,6.855889362,6.346381337,6.119262139,6.695580794,6.278905603,6.156471148,6.108011733,,,,,,,
Benin,BEN,Electricity production from coal sources (% of total),EG.ELC.COAL.ZS,0,0,0,0,0,0,0,0,0,0,0,0,0,0,0,0,,,,,,,
Burkina Faso,BFA,Electricity production from coal sources (% of total),EG.ELC.COAL.ZS,,,,,,,,,,,,,,,,,,,,,,,
Bangladesh,BGD,Electricity production from coal sources (% of total),EG.ELC.COAL.ZS,0,0,0,0,0,0.616326994,0.934611087,2.389937107,3.214682331,2.937299944,1.89262074,1.87303241,1.927432972,2.306099398,1.969737667,1.689515514,,,,,,,
Bulgaria,BGR,Electricity production from coal sources (% of total),EG.ELC.COAL.ZS,42.33380898,45.3829191,41.19851075,45.97902098,46.12320765,42.35649959,42.20913366,52.31618418,52.0814642,49.79353956,49.12532325,55.04867761,49.11226089,45.02542432,45.4003026,46.20655697,,,,,,,
Bahrain,BHR,Electricity production from coal sources (% of total),EG.ELC.COAL.ZS,0,0,0,0,0,0,0,0,0,0,0,0,0,0,0,0,,,,,,,
"Bahamas, The",BHS,Electricity production from coal sources (% of total),EG.ELC.COAL.ZS,,,,,,,,,,,,,,,,,,,,,,,
Bosnia and Herzegovina,BIH,Electricity production from coal sources (% of total),EG.ELC.COAL.ZS,50.69517691,50.43241211,49.89337042,58.83188354,51.98774356,51.28551024,54.79750545,64.7233537,67.16589085,59.554506,52.53445457,70.71989529,69.50007101,58.07690104,62.81559406,63.97722183,,,,,,,
Belarus,BLR,Electricity production from coal sources (% of total),EG.ELC.COAL.ZS,0,0,0,0,0,0,0,0,0,0,0,0,0,0,0,0,,,,,,,
Belize,BLZ,Electricity production from coal sources (% of total),EG.ELC.COAL.ZS,,,,,,,,,,,,,,,,,,,,,,,
Bermuda,BMU,Electricity production from coal sources (% of total),EG.ELC.COAL.ZS,,,,,,,,,,,,,,,,,,,,,,,
Bolivia,BOL,Electricity production from coal sources (% of total),EG.ELC.COAL.ZS,0,0,0,0,0,0,0,0,0,0,0,0,0,0,0,0,,,,,,,
Brazil,BRA,Electricity production from coal sources (% of total),EG.ELC.COAL.ZS,3.154395116,3.398090762,2.662647431,2.495752582,2.731169974,2.665290435,2.503952668,2.268464125,2.607829968,2.098596716,2.198373227,2.327943027,2.591635542,3.813019177,4.52957838,4.722411339,,,,,,,
Barbados,BRB,Electricity production from coal sources (% of total),EG.ELC.COAL.ZS,,,,,,,,,,,,,,,,,,,,,,,
Brunei Darussalam,BRN,Electricity production from coal sources (% of total),EG.ELC.COAL.ZS,0,0,0,0,0,0,0,0,0,0,0,0,0,0,0,0,,,,,,,
Bhutan,BTN,Electricity production from coal sources (% of total),EG.ELC.COAL.ZS,,,,,,,,,,,,,,,,,,,,,,,
Botswana,BWA,Electricity production from coal sources (% of total),EG.ELC.COAL.ZS,97.63157895,97.87422498,97.46945899,97.2168906,94.76386037,99.42965779,99.3896236,99.27536232,100,100,100,91.42259414,71.42857143,82.34019502,95.67661046,96.35995956,,,,,,,
Central African Republic,CAF,Electricity production from coal sources (% of total),EG.ELC.COAL.ZS,,,,,,,,,,,,,,,,,,,,,,,
Canada,CAN,Electricity production from coal sources (% of total),EG.ELC.COAL.ZS,19.416905,19.98897894,19.60166878,19.10500015,16.87979795,16.20984845,15.24984945,16.10280444,14.8664432,12.91866578,13.17218012,11.81288719,10.11606045,9.799397215,9.917127733,9.836449295,,,,,,,
Central Europe and the Baltics,CEB,Electricity production from coal sources (% of total),EG.ELC.COAL.ZS,59.4213238,57.93218079,56.16536544,57.63815388,56.04990614,55.25787193,56.08717187,56.83408594,55.19768608,53.86489836,53.24382119,55.0559676,53.07206166,51.1579079,49.61770225,50.34462137,,,,,,,
Switzerland,CHE,Electricity production from coal sources (% of total),EG.ELC.COAL.ZS,0,0,0,0,0,0,0,0,0,0,0,0,0,0,0,0,,,,,,,
Channel Islands,CHI,Electricity production from coal sources (% of total),EG.ELC.COAL.ZS,,,,,,,,,,,,,,,,,,,,,,,
Chile,CHL,Electricity production from coal sources (% of total),EG.ELC.COAL.ZS,21.12630371,11.37288096,11.56831765,10.41662218,15.07186377,13.74133069,19.15943601,22.66147088,23.63660726,24.53311814,27.90813118,29.85558413,36.32492724,41.38096216,36.33848476,37.14433523,,,,,,,
China,CHN,Electricity production from coal sources (% of total),EG.ELC.COAL.ZS,78.21363715,76.25245704,77.54358093,79.55556835,78.17369805,79.19611784,80.33949603,80.95423534,78.75051375,78.38266989,77.18719414,78.87712304,75.65891205,75.27906857,72.63390781,70.30942695,,,,,,,
Cote d'Ivoire,CIV,Electricity production from coal sources (% of total),EG.ELC.COAL.ZS,0,0,0,0,0,0,0,0,0,0,0,0,0,0,0,0,,,,,,,
Cameroon,CMR,Electricity production from coal sources (% of total),EG.ELC.COAL.ZS,0,0,0,0,0,0,0,0,0,0,0,0,0,0,0,0,,,,,,,
"Congo, Dem. Rep.",COD,Electricity production from coal sources (% of total),EG.ELC.COAL.ZS,0,0,0,0,0,0,0,0,0,0,0,0,0,0,0,0,,,,,,,
"Congo, Rep.",COG,Electricity production from coal sources (% of total),EG.ELC.COAL.ZS,0,0,0,0,0,0,0,0,0,0,0,0,0,0,0,0,,,,,,,
Colombia,COL,Electricity production from coal sources (% of total),EG.ELC.COAL.ZS,5.103768116,5.43713457,5.12410639,6.29122709,4.014561838,4.9049407,5.458941691,6.297986383,5.413135972,7.412203188,6.891155089,3.770182772,5.471782861,8.992484667,10.17814608,11.85215237,,,,,,,
Comoros,COM,Electricity production from coal sources (% of total),EG.ELC.COAL.ZS,,,,,,,,,,,,,,,,,,,,,,,
Cabo Verde,CPV,Electricity production from coal sources (% of total),EG.ELC.COAL.ZS,,,,,,,,,,,,,,,,,,,,,,,
Costa Rica,CRI,Electricity production from coal sources (% of total),EG.ELC.COAL.ZS,0,0,0,0,0,0,0,0,0,0,0,0,0,0,0,0,,,,,,,
Caribbean small states,CSS,Electricity production from coal sources (% of total),EG.ELC.COAL.ZS,,,,,,,,,,,,,,,,,,,,,,,
Cuba,CUB,Electricity production from coal sources (% of total),EG.ELC.COAL.ZS,0,0,0,0,0,0,0,0,0,0,0,0,0,0,0,0,,,,,,,
Curacao,CUW,Electricity production from coal sources (% of total),EG.ELC.COAL.ZS,,,,,,,,,,,,,,,,,,,,,,,
Cayman Islands,CYM,Electricity production from coal sources (% of total),EG.ELC.COAL.ZS,,,,,,,,,,,,,,,,,,,,,,,
Cyprus,CYP,Electricity production from coal sources (% of total),EG.ELC.COAL.ZS,0,0,0,0,0,0,0,0,0,0,0,0,0,0,0,0,,,,,,,
Czechia,CZE,Electricity production from coal sources (% of total),EG.ELC.COAL.ZS,75.39054464,74.00517283,68.77162971,64.1252898,63.04451605,63.79392416,62.46563225,64.5902648,62.25103548,59.57100157,58.30246624,57.06992717,53.71855065,50.82201656,51.15516593,53.06115038,,,,,,,
Germany,DEU,Electricity production from coal sources (% of total),EG.ELC.COAL.ZS,53.14609313,51.83953558,52.6833736,52.08423417,50.42963157,48.34589152,47.16388613,48.65235938,44.99479807,44.11355909,43.64242247,44.8562978,46.01646898,47.24122949,45.8101933,44.26280916,,,,,,,
Djibouti,DJI,Electricity production from coal sources (% of total),EG.ELC.COAL.ZS,,,,,,,,,,,,,,,,,,,,,,,
Dominica,DMA,Electricity production from coal sources (% of total),EG.ELC.COAL.ZS,,,,,,,,,,,,,,,,,,,,,,,
Denmark,DNK,Electricity production from coal sources (% of total),EG.ELC.COAL.ZS,46.24580479,47.22892205,46.47084277,54.79366042,46.17914729,42.66125917,53.85981452,50.59263404,47.68953463,48.61336338,43.75997118,39.67186125,34.32787206,41.13634401,34.37733035,24.54485784,,,,,,,
Dominican Republic,DOM,Electricity production from coal sources (% of total),EG.ELC.COAL.ZS,0,1.468405842,4.220918586,9.0289845,10.48812665,10.22761083,11.48639315,12.24612106,13.14672327,13.97643384,12.24706429,12.36268851,12.76286743,11.75702866,14.01879742,12.85691066,,,,,,,
Algeria,DZA,Electricity production from coal sources (% of total),EG.ELC.COAL.ZS,0,0,0,0,0,0,0,0,0,0,0,0,0,0,0,0,,,,,,,
East Asia & Pacific (excluding high income),EAP,Electricity production from coal sources (% of total),EG.ELC.COAL.ZS,66.89810575,65.78208981,67.20337739,69.51043662,69.00122587,70.48968346,72.25631108,73.50708706,71.50193055,71.23856454,70.61955758,72.91158619,70.22232315,70.18523894,67.8098105,66.06102629,,,,,,,
Early-demographic dividend,EAR,Electricity production from coal sources (% of total),EG.ELC.COAL.ZS,33.18008664,33.65015419,33.55042208,32.95477906,32.50168023,32.25080335,32.31898605,32.34327379,31.95226874,31.9987524,32.18658149,32.80033758,34.37531306,34.67836124,35.86409103,36.43981979,,,,,,,
East Asia & Pacific,EAS,Electricity production from coal sources (% of total),EG.ELC.COAL.ZS,49.37774525,50.52603453,51.92463754,54.78212738,55.16749598,56.98095923,58.77960505,60.55239656,59.97198041,60.68459662,60.10899989,62.53967721,61.5703685,62.01227527,60.43218529,59.36705773,,,,,,,
Europe & Central Asia (excluding high income),ECA,Electricity production from coal sources (% of total),EG.ELC.COAL.ZS,24.00484188,23.96610238,23.44433719,23.4430914,21.99082705,22.50190949,23.49358059,23.8503344,25.70812028,24.08702662,23.53193424,24.51129062,24.2663767,24.03168412,23.44706503,23.07435242,,,,,,,
Europe & Central Asia,ECS,Electricity production from coal sources (% of total),EG.ELC.COAL.ZS,27.68840251,27.31571243,27.31380626,27.88565341,26.58583262,26.08197017,26.58688956,26.4644028,25.39536804,24.07720633,23.46570342,24.43776339,25.28524087,24.94024208,23.78920259,23.20447433,,,,,,,
Ecuador,ECU,Electricity production from coal sources (% of total),EG.ELC.COAL.ZS,0,0,0,0,0,0,0,0,0,0,0,0,0,0,0,0,,,,,,,
"Egypt, Arab Rep.",EGY,Electricity production from coal sources (% of total),EG.ELC.COAL.ZS,0,0,0,0,0,0,0,0,0,0,0,0,0,0,0,0,,,,,,,
Euro area,EMU,Electricity production from coal sources (% of total),EG.ELC.COAL.ZS,27.31094844,26.2218057,26.98888385,26.79215281,26.06394662,25.10926166,24.19949035,24.66025007,21.86197314,20.98535768,20.07491102,21.1006982,22.66295393,22.3768786,21.79711449,22.05536149,,,,,,,
Eritrea,ERI,Electricity production from coal sources (% of total),EG.ELC.COAL.ZS,0,0,0,0,0,0,0,0,0,0,0,0,0,0,0,0,,,,,,,
Spain,ESP,Electricity production from coal sources (% of total),EG.ELC.COAL.ZS,36.60041372,30.77827406,34.36896927,29.51852413,29.03394879,27.90409231,22.99801747,24.54454196,16.0696255,12.65567772,8.823746313,15.47886517,19.04831565,14.68564018,16.47396426,18.96238913,,,,,,,
Estonia,EST,Electricity production from coal sources (% of total),EG.ELC.COAL.ZS,1.891225185,2.110102558,3.18986748,2.510089576,1.921583851,2.116609505,2.507192766,2.01804758,2.636801815,4.533545962,3.154890466,3.358411541,4.228294476,2.237288136,4.153945043,5.327829509,,,,,,,
Ethiopia,ETH,Electricity production from coal sources (% of total),EG.ELC.COAL.ZS,0,0,0,0,0,0,0,0,0,0,0,0,0,0,0,0,,,,,,,
European Union,EUU,Electricity production from coal sources (% of total),EG.ELC.COAL.ZS,31.61652011,30.48931197,31.01839996,31.43685022,30.16346661,29.11417632,28.88737639,29.24049238,26.64408158,25.82987165,24.84394883,26.00954895,26.58530607,26.31192761,25.59534285,25.64397339,,,,,,,
Fragile and conflict affected situations,FCS,Electricity production from coal sources (% of total),EG.ELC.COAL.ZS,2.510824322,3.076457824,3.066232349,2.598479716,2.679736,2.795446868,2.185070207,2.153329022,2.015176946,1.883817255,2.091019286,2.498975122,2.47444485,2.612743217,2.206837992,2.412971872,,,,,,,
Finland,FIN,Electricity production from coal sources (% of total),EG.ELC.COAL.ZS,13.10735109,15.11559219,17.80401574,23.64751085,19.96039373,10.18248279,20.75760521,18.01957044,11.88397562,16.08874828,18.75573295,14.02021741,10.78382639,15.71775405,12.35938556,8.303570127,,,,,,,
Fiji,FJI,Electricity production from coal sources (% of total),EG.ELC.COAL.ZS,,,,,,,,,,,,,,,,,,,,,,,
France,FRA,Electricity production from coal sources (% of total),EG.ELC.COAL.ZS,5.766241143,4.38320441,4.875277713,5.212073289,4.788908231,5.375431102,4.636901333,5.00157868,4.647311367,4.526224742,4.663423625,3.111210964,3.701124426,4.290238174,2.157028986,2.160448913,,,,,,,
Faroe Islands,FRO,Electricity production from coal sources (% of total),EG.ELC.COAL.ZS,,,,,,,,,,,,,,,,,,,,,,,
"Micronesia, Fed. Sts.",FSM,Electricity production from coal sources (% of total),EG.ELC.COAL.ZS,,,,,,,,,,,,,,,,,,,,,,,
Gabon,GAB,Electricity production from coal sources (% of total),EG.ELC.COAL.ZS,0,0,0,0,0,0,0,0,0,0,0,0,0,0,0,0,,,,,,,
United Kingdom,GBR,Electricity production from coal sources (% of total),EG.ELC.COAL.ZS,32.66777963,34.79579881,32.67879198,35.3614994,34.05967113,34.47825889,38.24822713,34.98756906,32.68196346,27.99654757,28.74592447,30.06295807,40.05150157,37.04979,30.31169753,22.80649074,,,,,,,
Georgia,GEO,Electricity production from coal sources (% of total),EG.ELC.COAL.ZS,0,0,0,0,0,0,0,0,0,0,0,0,0,0,0,0,,,,,,,
Ghana,GHA,Electricity production from coal sources (% of total),EG.ELC.COAL.ZS,0,0,0,0,0,0,0,0,0,0,0,0,0,0,0,0,,,,,,,
Gibraltar,GIB,Electricity production from coal sources (% of total),EG.ELC.COAL.ZS,0,0,0,0,0,0,0,0,0,0,0,0,0,0,0,0,,,,,,,
Guinea,GIN,Electricity production from coal sources (% of total),EG.ELC.COAL.ZS,,,,,,,,,,,,,,,,,,,,,,,
"Gambia, The",GMB,Electricity production from coal sources (% of total),EG.ELC.COAL.ZS,,,,,,,,,,,,,,,,,,,,,,,
Guinea-Bissau,GNB,Electricity production from coal sources (% of total),EG.ELC.COAL.ZS,,,,,,,,,,,,,,,,,,,,,,,
Equatorial Guinea,GNQ,Electricity production from coal sources (% of total),EG.ELC.COAL.ZS,,,,,,,,,,,,,,,,,,,,,,,
Greece,GRC,Electricity production from coal sources (% of total),EG.ELC.COAL.ZS,64.22648573,66.75521893,64.07637408,60.73741473,60.15676806,59.80951419,53.61338673,55.29492434,53.02009156,55.95966871,53.68417383,52.49611303,51.20699018,46.23384809,51.14117156,42.65948825,,,,,,,
Grenada,GRD,Electricity production from coal sources (% of total),EG.ELC.COAL.ZS,,,,,,,,,,,,,,,,,,,,,,,
Greenland,GRL,Electricity production from coal sources (% of total),EG.ELC.COAL.ZS,,,,,,,,,,,,,,,,,,,,,,,
Guatemala,GTM,Electricity production from coal sources (% of total),EG.ELC.COAL.ZS,8.912037037,8.570940755,15.79712486,13.70522441,14.51046678,13.23145732,13.50722508,12.89401553,13.06492315,8.102133304,13.15641516,12.96155103,13.15342116,15.78629032,17.28797763,21.36010128,,,,,,,
Guam,GUM,Electricity production from coal sources (% of total),EG.ELC.COAL.ZS,,,,,,,,,,,,,,,,,,,,,,,
Guyana,GUY,Electricity production from coal sources (% of total),EG.ELC.COAL.ZS,,,,,,,,,,,,,,,,,,,,,,,
High income,HIC,Electricity production from coal sources (% of total),EG.ELC.COAL.ZS,38.28077761,37.68701181,37.56454755,38.27961726,37.36502258,37.09990795,36.76048325,36.43764243,35.57484333,33.77538248,33.44675009,32.6381826,31.37304298,31.70022431,31.00464191,28.5835646,,,,,,,
"Hong Kong SAR, China",HKG,Electricity production from coal sources (% of total),EG.ELC.COAL.ZS,60.44492675,61.38690183,63.73783295,77.66481737,68.91899171,70.29726145,68.83755859,73.22602177,68.10549034,70.750284,61.97410582,71.03661655,70.3017197,74.82251392,76.17579994,65.44044176,,,,,,,
Honduras,HND,Electricity production from coal sources (% of total),EG.ELC.COAL.ZS,0,0,0,0,0,0,0,0,0,0,0,1.319743891,1.201550388,1.15184543,0.510077134,1.03736754,,,,,,,
Heavily indebted poor countries (HIPC),HPC,Electricity production from coal sources (% of total),EG.ELC.COAL.ZS,0.282272411,0.288633323,0.309854067,0.286271876,0.281993089,0.222299493,0.180571456,0.171802348,0.171237021,0.157274234,0.159151863,0.261767252,0.246173163,0.219379572,0.177462622,0.186440136,,,,,,,
Croatia,HRV,Electricity production from coal sources (% of total),EG.ELC.COAL.ZS,13.7707538,12.82593376,16.59976387,18.22316555,15.39181118,17.82951673,17.46498491,19.31446792,19.52116423,12.40089753,16.11922141,22.96335824,21.12715944,17.35857174,17.62429294,20.55525894,,,,,,,
Haiti,HTI,Electricity production from coal sources (% of total),EG.ELC.COAL.ZS,0,0,0,0,0,0,0,0,0,0,0,0,0,0,0,0,,,,,,,
Hungary,HUN,Electricity production from coal sources (% of total),EG.ELC.COAL.ZS,27.58375721,24.50363861,25.06568576,27.10206472,24.73893438,19.98545699,19.77746173,18.73623624,18.00124922,17.8650997,16.99178507,18.34864932,18.74404504,21.0734799,20.80157866,19.47135983,,,,,,,
IBRD only,IBD,Electricity production from coal sources (% of total),EG.ELC.COAL.ZS,42.71665653,43.05209189,44.01382151,45.54463709,45.58600067,46.89734325,48.66645762,50.0692029,49.64458456,49.93584685,50.1098913,52.16089027,51.51706783,52.19650593,51.33221845,50.76091902,,,,,,,
IDA & IBRD total,IBT,Electricity production from coal sources (% of total),EG.ELC.COAL.ZS,40.45631159,40.76904717,41.66964502,43.17726816,43.21497057,44.50026165,46.21346101,47.6807682,47.35570345,47.60991541,47.83350628,49.8830582,49.31618402,50.01310306,49.18521905,48.66122394,,,,,,,
IDA total,IDA,Electricity production from coal sources (% of total),EG.ELC.COAL.ZS,3.065114783,3.523273486,3.47089536,2.944008379,2.974749264,3.271817112,2.760827202,2.865697624,2.843307,2.45370071,2.58943265,2.943951143,2.920866814,3.170685047,2.996711781,3.449915508,,,,,,,
IDA blend,IDB,Electricity production from coal sources (% of total),EG.ELC.COAL.ZS,3.933387261,4.534805853,4.135211087,3.242419305,3.447720633,3.409459131,2.394021916,2.201573462,2.082499037,2.034782208,2.448559012,2.949349128,2.78200059,3.047020298,2.984652032,2.983823012,,,,,,,
Indonesia,IDN,Electricity production from coal sources (% of total),EG.ELC.COAL.ZS,36.43396732,37.24593596,39.66936803,41.12362136,40.12133519,40.61272338,44.05885536,44.8938101,41.11273321,42.02865271,40.31987276,44.21073292,51.0753387,51.50078696,52.45484386,55.77646335,,,,,,,
IDA only,IDX,Electricity production from coal sources (% of total),EG.ELC.COAL.ZS,2.251561437,2.577396633,2.823991796,2.643521391,2.515519172,3.111919122,3.036416552,3.345863537,3.365787667,2.706384121,2.628157618,2.863098684,2.941409756,3.186328155,2.933610222,3.720611231,,,,,,,
Isle of Man,IMN,Electricity production from coal sources (% of total),EG.ELC.COAL.ZS,,,,,,,,,,,,,,,,,,,,,,,
India,IND,Electricity production from coal sources (% of total),EG.ELC.COAL.ZS,68.49942425,69.41705728,69.89346472,67.83142323,67.69168015,66.85963647,66.68824892,65.48205784,68.44469591,66.96802144,67.17829809,66.75997826,71.63605506,72.52273811,74.49218587,75.30939896,,,,,,,
Not classified,INX,Electricity production from coal sources (% of total),EG.ELC.COAL.ZS,,,,,,,,,,,,,,,,,,,,,,,
Ireland,IRL,Electricity production from coal sources (% of total),EG.ELC.COAL.ZS,28.79651924,28.67002273,27.45642636,24.95072604,24.70354947,24.93170998,21.69936569,19.74719,17.20275512,14.32505902,12.61712095,14.52289795,18.51074021,16.74682307,15.33245505,17.34581302,,,,,,,
"Iran, Islamic Rep.",IRN,Electricity production from coal sources (% of total),EG.ELC.COAL.ZS,0.398783874,0.362577682,0.365838095,0.306736506,0.285169964,0.320628004,0.292710269,0.28188209,0.181792756,0.16985138,0.15152881,0.177044974,0.15730938,0.174901118,0.193001686,0.164627824,,,,,,,
Iraq,IRQ,Electricity production from coal sources (% of total),EG.ELC.COAL.ZS,0,0,0,0,0,0,0,0,0,0,0,0,0,0,0,0,,,,,,,
Iceland,ISL,Electricity production from coal sources (% of total),EG.ELC.COAL.ZS,0,0,0,0,0,0,0,0,0,0,0,0,0,0,0,0,,,,,,,
Israel,ISR,Electricity production from coal sources (% of total),EG.ELC.COAL.ZS,68.49112773,74.92207231,77.15384615,76.72030782,77.1759132,74.40228797,70.63174967,69.30584474,62.01536788,62.45091623,58.44412964,58.89173746,61.45580369,52.32216823,49.49106277,45.40373058,,,,,,,
Italy,ITA,Electricity production from coal sources (% of total),EG.ELC.COAL.ZS,11.30765612,13.52549155,14.58138161,15.41054499,17.20113464,16.64836275,16.39241967,16.13609671,15.49818676,15.05748522,14.87216047,16.67697773,18.20059334,16.8431692,16.72827166,16.12007302,,,,,,,
Jamaica,JAM,Electricity production from coal sources (% of total),EG.ELC.COAL.ZS,0,0,0,0,0,0,0,0,0,0,0,0,0,0,0,0,,,,,,,
Jordan,JOR,Electricity production from coal sources (% of total),EG.ELC.COAL.ZS,0,0,0,0,0,0,0,0,0,0,0,0,0,0,0,0,,,,,,,
Japan,JPN,Electricity production from coal sources (% of total),EG.ELC.COAL.ZS,21.48421273,23.38478021,24.61992605,26.3775463,26.45867982,27.22636172,26.58656402,27.34596561,27.23000261,27.17272777,27.15514217,27.09995318,29.72207921,32.92587052,32.74193411,33.15273563,,,,,,,
Kazakhstan,KAZ,Electricity production from coal sources (% of total),EG.ELC.COAL.ZS,69.45093913,70.88133387,68.82006102,71.75492437,75.52169692,73.85293381,68.81811965,73.40661636,76.66289044,73.80256638,80.65363115,81.09856097,74.79341069,75.1944978,71.94769102,71.56892212,,,,,,,
Kenya,KEN,Electricity production from coal sources (% of total),EG.ELC.COAL.ZS,0,0,0,0,0,0,0,0,0,0,0,0,0,0,0,0,,,,,,,
Kyrgyz Republic,KGZ,Electricity production from coal sources (% of total),EG.ELC.COAL.ZS,4.293081508,4.529157825,4.764301292,3.630268882,3.460801796,10.10006044,10.32155891,10.75522589,11.3241157,3.482811513,4.991735537,4.189207019,4.799578059,5.609877953,7.363436728,13.21565618,,,,,,,
Cambodia,KHM,Electricity production from coal sources (% of total),EG.ELC.COAL.ZS,0,0,0,0,0,0,0,0,0,2.211690363,3.1,3.20754717,2.580195258,9.505061867,28.18419334,48.39663407,,,,,,,
Kiribati,KIR,Electricity production from coal sources (% of total),EG.ELC.COAL.ZS,,,,,,,,,,,,,,,,,,,,,,,
St. Kitts and Nevis,KNA,Electricity production from coal sources (% of total),EG.ELC.COAL.ZS,,,,,,,,,,,,,,,,,,,,,,,
"Korea, Rep.",KOR,Electricity production from coal sources (% of total),EG.ELC.COAL.ZS,38.60830566,39.92631099,40.58107239,39.10999997,38.80478544,38.3606532,38.01277749,40.0802996,43.19564081,46.24199648,44.14496757,43.17213822,45.0802829,41.42883967,42.40967563,43.0762564,,,,,,,
Kuwait,KWT,Electricity production from coal sources (% of total),EG.ELC.COAL.ZS,0,0,0,0,0,0,0,0,0,0,0,0,0,0,0,0,,,,,,,
Latin America & Caribbean (excluding high income),LAC,Electricity production from coal sources (% of total),EG.ELC.COAL.ZS,4.176191947,4.764351876,4.820199824,5.190398263,4.417341816,5.275970071,5.017339255,4.871930066,3.854011001,4.416779025,4.672472606,4.554968014,4.772638582,5.281964183,5.717815442,5.814042908,,,,,,,
Lao PDR,LAO,Electricity production from coal sources (% of total),EG.ELC.COAL.ZS,,,,,,,,,,,,,,,,,,,,,,,
Lebanon,LBN,Electricity production from coal sources (% of total),EG.ELC.COAL.ZS,0,0,0,0,0,0,0,0,0,0,0,0,0,0,0,0,,,,,,,
Liberia,LBR,Electricity production from coal sources (% of total),EG.ELC.COAL.ZS,,,,,,,,,,,,,,,,,,,,,,,
Libya,LBY,Electricity production from coal sources (% of total),EG.ELC.COAL.ZS,0,0,0,0,0,0,0,0,0,0,0,0,0,0,0,0,,,,,,,
St. Lucia,LCA,Electricity production from coal sources (% of total),EG.ELC.COAL.ZS,,,,,,,,,,,,,,,,,,,,,,,
Latin America & Caribbean,LCN,Electricity production from coal sources (% of total),EG.ELC.COAL.ZS,4.351034514,4.432802715,4.491592796,4.782214397,4.36559804,4.994075192,5.037742775,5.075149992,4.263513999,4.781388018,5.124961275,5.188198056,5.709719448,6.409441557,6.467101185,6.684506879,,,,,,,
Least developed countries: UN classification,LDC,Electricity production from coal sources (% of total),EG.ELC.COAL.ZS,0.287773948,0.292522771,1.043884905,0.991219585,0.663587058,0.899128625,1.065656564,1.42816254,1.460732042,1.263487604,1.104700154,1.134769134,1.151287422,1.155711482,1.204896137,1.672032554,,,,,,,
Low income,LIC,Electricity production from coal sources (% of total),EG.ELC.COAL.ZS,,,,,,,,,,,,,,,,,,,,,,,
Liechtenstein,LIE,Electricity production from coal sources (% of total),EG.ELC.COAL.ZS,,,,,,,,,,,,,,,,,,,,,,,
Sri Lanka,LKA,Electricity production from coal sources (% of total),EG.ELC.COAL.ZS,0,0,0,0,0,0,0,0,0,0,0,8.903757077,11.79732796,12.21824836,25.69617206,33.70505234,,,,,,,
Lower middle income,LMC,Electricity production from coal sources (% of total),EG.ELC.COAL.ZS,36.23413366,36.69190949,36.58750023,35.58859807,34.59877395,34.53733735,35.57255222,35.63914604,36.45761166,36.37487613,36.5802979,37.4879606,40.16904459,41.16687588,42.50203026,43.80940725,,,,,,,
Low & middle income,LMY,Electricity production from coal sources (% of total),EG.ELC.COAL.ZS,39.85851869,40.36912091,41.36612292,42.87222692,43.00110711,44.45097332,46.17977449,47.73664373,47.46280877,47.79445644,47.98730897,50.04887654,49.47749044,50.20699738,49.46368132,48.88610628,,,,,,,
Lesotho,LSO,Electricity production from coal sources (% of total),EG.ELC.COAL.ZS,,,,,,,,,,,,,,,,,,,,,,,
Late-demographic dividend,LTE,Electricity production from coal sources (% of total),EG.ELC.COAL.ZS,44.13521182,44.21823603,45.66866031,48.09712392,48.56694085,50.253089,52.32615368,53.97369329,53.3325861,53.5686695,53.53391732,56.05263273,54.29695752,55.0374927,53.34859346,52.2663844,,,,,,,
Lithuania,LTU,Electricity production from coal sources (% of total),EG.ELC.COAL.ZS,0,0,0,0,0,0,0,0,0,0,0,0,0,0,0,0,,,,,,,
Luxembourg,LUX,Electricity production from coal sources (% of total),EG.ELC.COAL.ZS,0,0,0,0,0,0,0,0,0,0,0,0,0,0,0,0,,,,,,,
Latvia,LVA,Electricity production from coal sources (% of total),EG.ELC.COAL.ZS,0,0,0,0,0,0,0,0.020959966,0.037921881,0.03591309,0.030179568,0.032819166,0.032430679,0.016105653,0,0,,,,,,,
"Macao SAR, China",MAC,Electricity production from coal sources (% of total),EG.ELC.COAL.ZS,,,,,,,,,,,,,,,,,,,,,,,
St. Martin (French part),MAF,Electricity production from coal sources (% of total),EG.ELC.COAL.ZS,,,,,,,,,,,,,,,,,,,,,,,
Morocco,MAR,Electricity production from coal sources (% of total),EG.ELC.COAL.ZS,68.28111638,77.35610794,75.59566787,70.88309808,70.70883931,65.99792639,64.95167137,62.60742826,56.72178988,51.37384725,45.90233187,46.70479085,43.37296506,43.39200693,55.02678634,55.52563271,,,,,,,
Monaco,MCO,Electricity production from coal sources (% of total),EG.ELC.COAL.ZS,,,,,,,,,,,,,,,,,,,,,,,
Moldova,MDA,Electricity production from coal sources (% of total),EG.ELC.COAL.ZS,2.943275062,1.986312803,2.105989988,3.115056105,0,0,0,0,0,0,0,0,0,0,0,0,,,,,,,
Madagascar,MDG,Electricity production from coal sources (% of total),EG.ELC.COAL.ZS,,,,,,,,,,,,,,,,,,,,,,,
Maldives,MDV,Electricity production from coal sources (% of total),EG.ELC.COAL.ZS,,,,,,,,,,,,,,,,,,,,,,,
Middle East & North Africa,MEA,Electricity production from coal sources (% of total),EG.ELC.COAL.ZS,6.207836589,6.847210834,6.726903679,6.511453396,6.282675053,5.820412809,5.431201491,5.232372836,4.608609564,4.258679968,3.9014855,3.93388215,4.016276431,3.403449182,3.338587238,3.203500253,,,,,,,
Mexico,MEX,Electricity production from coal sources (% of total),EG.ELC.COAL.ZS,9.234958065,10.79406322,11.92598329,12.9368335,10.00071554,13.05668985,12.32884151,11.93190386,7.898186139,10.96118079,11.71603088,11.14975673,11.11812725,10.74914404,11.23762836,10.86591802,,,,,,,
Marshall Islands,MHL,Electricity production from coal sources (% of total),EG.ELC.COAL.ZS,,,,,,,,,,,,,,,,,,,,,,,
Middle income,MIC,Electricity production from coal sources (% of total),EG.ELC.COAL.ZS,40.49071451,41.03269974,42.05153519,43.5623724,43.69596126,45.17993307,46.93404795,48.52221775,48.23373897,48.5799146,48.76863979,50.82412064,50.20206745,50.90178322,50.13396243,49.5247627,,,,,,,
North Macedonia,MKD,Electricity production from coal sources (% of total),EG.ELC.COAL.ZS,76.47922478,87.51964791,84.04202922,79.26684476,77.39613019,78.3059637,72.9089352,77.085257,83.80605292,77.69478617,65.33057851,76.47581003,77.16384542,66.04857237,69.53851879,58.35990081,,,,,,,
Mali,MLI,Electricity production from coal sources (% of total),EG.ELC.COAL.ZS,,,,,,,,,,,,,,,,,,,,,,,
Malta,MLT,Electricity production from coal sources (% of total),EG.ELC.COAL.ZS,0,0,0,0,0,0,0,0,0,0,0,0,0,0,0,0,,,,,,,
Myanmar,MMR,Electricity production from coal sources (% of total),EG.ELC.COAL.ZS,0,0,12.64798737,11.68663594,7.22053842,9.790558511,12.75146009,13.36146273,9.272123226,6.792073521,8.895664855,7.336846372,7.184122251,4.646035764,2.02020202,1.784596118,,,,,,,
Middle East & North Africa (excluding high income),MNA,Electricity production from coal sources (% of total),EG.ELC.COAL.ZS,2.679905058,3.295630238,3.063133437,2.958318055,2.920236193,2.810355964,2.658812998,2.432196603,2.121483869,1.908339913,1.753952261,1.841278163,1.791542614,1.759359188,2.205275187,2.316686766,,,,,,,
Montenegro,MNE,Electricity production from coal sources (% of total),EG.ELC.COAL.ZS,,,,,,34.84636872,40.71815718,40.1119403,45.57991513,24.96376812,31.62605669,54.6686747,48.06610408,36.52724968,44.78411598,50.34965035,,,,,,,
Mongolia,MNG,Electricity production from coal sources (% of total),EG.ELC.COAL.ZS,97.01289885,96.75174014,97.1722365,96.84512428,96.6091432,96.9581749,96.78329571,95.94704134,96.00099975,96.23669225,95.84975655,94.79717813,94.74667774,92.94820717,92.33630952,92.74442227,,,,,,,
Northern Mariana Islands,MNP,Electricity production from coal sources (% of total),EG.ELC.COAL.ZS,,,,,,,,,,,,,,,,,,,,,,,
Mozambique,MOZ,Electricity production from coal sources (% of total),EG.ELC.COAL.ZS,0,0,0,0,0,0,0,0,0,0,0,0,0,0,0,0,,,,,,,
Mauritania,MRT,Electricity production from coal sources (% of total),EG.ELC.COAL.ZS,,,,,,,,,,,,,,,,,,,,,,,
Mauritius,MUS,Electricity production from coal sources (% of total),EG.ELC.COAL.ZS,20.41619798,24.33281005,25.94871795,23.91930836,21.70900693,26.84859155,33.95744681,40.32454361,44.15330465,39.38688397,38.67608776,40.57121933,41.11548087,42.03601108,42.90091931,39.43943944,,,,,,,
Malawi,MWI,Electricity production from coal sources (% of total),EG.ELC.COAL.ZS,,,,,,,,,,,,,,,,,,,,,,,
Malaysia,MYS,Electricity production from coal sources (% of total),EG.ELC.COAL.ZS,11.10533535,12.48522874,15.16788105,18.87114657,23.35569491,24.18080873,23.06690415,27.69801879,26.76864245,28.71477462,34.32997291,40.98472249,41.51479748,38.57807847,37.8567699,42.28132931,,,,,,,
North America,NAC,Electricity production from coal sources (% of total),EG.ELC.COAL.ZS,48.50157752,47.40346547,46.60746555,47.26830336,46.14680003,46.09542697,45.44013531,44.80427624,44.74096603,41.27223436,41.81033136,39.28977433,34.78870855,35.88207013,35.65618997,30.92854745,,,,,,,
Namibia,NAM,Electricity production from coal sources (% of total),EG.ELC.COAL.ZS,0.781805259,0,0.349895031,0.070372977,0.725163162,0.180722892,5.230386052,1.967005076,10.62340967,5.234899329,4.214559387,1.398601399,0.91296409,3.080390684,0,0.455729167,,,,,,,
New Caledonia,NCL,Electricity production from coal sources (% of total),EG.ELC.COAL.ZS,,,,,,,,,,,,,,,,,,,,,,,
Niger,NER,Electricity production from coal sources (% of total),EG.ELC.COAL.ZS,65.53398058,74.44444444,74.86910995,76.28865979,74.63414634,68.99563319,76.60550459,67.85714286,75.87719298,73.15175097,68.94197952,74.56140351,63.65914787,53.2731377,55.75620767,41.61958569,,,,,,,
Nigeria,NGA,Electricity production from coal sources (% of total),EG.ELC.COAL.ZS,0,0,0,0,0,0,0,0,0,0,0,0,0,0,0,0,,,,,,,
Nicaragua,NIC,Electricity production from coal sources (% of total),EG.ELC.COAL.ZS,0,0,0,0,0,0,0,0,0,0,0,0,0,0,0,0,,,,,,,
Netherlands,NLD,Electricity production from coal sources (% of total),EG.ELC.COAL.ZS,30.25069451,30.45065821,30.20181078,30.71949431,27.79753789,26.94928994,26.82100108,27.06794085,24.93119607,23.40290788,21.63159219,21.70704527,26.44097659,27.06908076,31.348508,38.65358408,,,,,,,
Norway,NOR,Electricity production from coal sources (% of total),EG.ELC.COAL.ZS,0.050522416,0.07830079,0.102119165,0.121872334,0.096269992,0.096178367,0.113015789,0.100652404,0.094194636,0.074821155,0.085200993,0.104455171,0.111153542,0.113162865,0.109045077,0.104917942,,,,,,,
Nepal,NPL,Electricity production from coal sources (% of total),EG.ELC.COAL.ZS,0,0,0,0,0,0,0,0,0,0,0,0,0,0,0,0,,,,,,,
Nauru,NRU,Electricity production from coal sources (% of total),EG.ELC.COAL.ZS,,,,,,,,,,,,,,,,,,,,,,,
New Zealand,NZL,Electricity production from coal sources (% of total),EG.ELC.COAL.ZS,3.939154585,5.354796321,5.067808708,9.728523432,11.18039985,13.64969279,12.70125224,7.22693301,11.01913297,7.589809679,4.596472475,4.878268102,8.022320622,5.535268559,4.505229284,4.252912566,,,,,,,
OECD members,OED,Electricity production from coal sources (% of total),EG.ELC.COAL.ZS,38.45384892,37.87412574,37.67273467,38.27713984,37.3302478,37.24787236,36.89056533,36.60735827,35.7985672,34.10119161,33.92681071,33.015414,31.83337323,32.26406025,31.79119092,29.44346691,,,,,,,
Oman,OMN,Electricity production from coal sources (% of total),EG.ELC.COAL.ZS,0,0,0,0,0,0,0,0,0,0,0,0,0,0,0,0,,,,,,,
Other small states,OSS,Electricity production from coal sources (% of total),EG.ELC.COAL.ZS,2.724089445,2.77732996,2.867003256,2.483553202,2.175825135,3.619169094,3.863372375,3.161855678,3.517352487,2.741901202,2.891750885,2.968958772,2.714218098,2.981752708,4.10363372,4.548870161,,,,,,,
Pakistan,PAK,Electricity production from coal sources (% of total),EG.ELC.COAL.ZS,0.35380821,0.393483363,0.305135792,0.244958555,0.204370015,0.137777825,0.13847454,0.1421687,0.123340901,0.121648122,0.093236142,0.100956988,0.063459038,0.150851301,0.135529218,0.137108632,,,,,,,
Panama,PAN,Electricity production from coal sources (% of total),EG.ELC.COAL.ZS,0,0,0,0,0,0,0,0,0,0,0,5.778573255,7.764733233,7.624469748,7.397437278,6.915306915,,,,,,,
Peru,PER,Electricity production from coal sources (% of total),EG.ELC.COAL.ZS,1.742492719,1.491962653,3.566392212,3.345838423,3.776540919,3.153064826,2.982674172,2.823159935,2.704286155,2.380880075,2.371134021,1.585804248,3.232505192,2.795016779,0.715129248,0.839360842,,,,,,,
Philippines,PHL,Electricity production from coal sources (% of total),EG.ELC.COAL.ZS,36.79178627,39.93411265,33.27624982,28.21873819,28.94007899,26.97155585,26.93411761,28.24478704,25.89401687,26.60809741,34.39668153,36.63409275,38.76112505,42.62349534,42.78170381,44.51482169,,,,,,,
Palau,PLW,Electricity production from coal sources (% of total),EG.ELC.COAL.ZS,,,,,,,,,,,,,,,,,,,,,,,
Papua New Guinea,PNG,Electricity production from coal sources (% of total),EG.ELC.COAL.ZS,,,,,,,,,,,,,,,,,,,,,,,
Poland,POL,Electricity production from coal sources (% of total),EG.ELC.COAL.ZS,96.33103776,95.39802812,94.74101573,95.22628642,93.67223861,92.20257597,92.45042422,91.82670807,90.88746687,89.24835066,88.09210066,86.79054427,84.35789773,85.20686249,82.99328741,80.90616462,,,,,,,
Pre-demographic dividend,PRE,Electricity production from coal sources (% of total),EG.ELC.COAL.ZS,0.20882112,0.218888012,0.219354359,0.212701664,0.200176761,0.168243163,0.139599929,0.134495269,0.134262729,0.126919069,0.117272388,0.139604342,0.142966338,0.118231474,0.11109453,0.09593335,,,,,,,
Puerto Rico,PRI,Electricity production from coal sources (% of total),EG.ELC.COAL.ZS,,,,,,,,,,,,,,,,,,,,,,,
"Korea, Dem. People's Rep.",PRK,Electricity production from coal sources (% of total),EG.ELC.COAL.ZS,43.31443299,42.51485149,41.1711165,39.48471283,38.57916534,39.04067737,40.90037887,34.75816568,36.0051713,38.01296919,35.51514032,28.13897847,26.94946974,21.05607681,24.13311743,21.28557909,,,,,,,
Portugal,PRT,Electricity production from coal sources (% of total),EG.ELC.COAL.ZS,33.86516647,29.50528505,33.32311062,31.22675781,33.14520267,32.96527237,30.79298419,26.43722279,24.62012095,26.06200234,13.22381777,18.97934012,28.71467439,23.42581232,23.00275217,28.71823872,,,,,,,
Paraguay,PRY,Electricity production from coal sources (% of total),EG.ELC.COAL.ZS,0,0,0,0,0,0,0,0,0,0,0,0,0,0,0,0,,,,,,,
West Bank and Gaza,PSE,Electricity production from coal sources (% of total),EG.ELC.COAL.ZS,,,,,,,,,,,,,,,,,,,,,,,
Pacific island small states,PSS,Electricity production from coal sources (% of total),EG.ELC.COAL.ZS,,,,,,,,,,,,,,,,,,,,,,,
Post-demographic dividend,PST,Electricity production from coal sources (% of total),EG.ELC.COAL.ZS,38.18488653,37.61476551,37.51035687,38.21950349,37.18903666,37.07821377,36.84746229,36.68347449,36.02543472,34.2200216,34.0362472,33.23395254,31.97317409,32.4632607,31.91874054,29.36713851,,,,,,,
French Polynesia,PYF,Electricity production from coal sources (% of total),EG.ELC.COAL.ZS,,,,,,,,,,,,,,,,,,,,,,,
Qatar,QAT,Electricity production from coal sources (% of total),EG.ELC.COAL.ZS,0,0,0,0,0,0,0,0,0,0,0,0,0,0,0,0,,,,,,,
Romania,ROU,Electricity production from coal sources (% of total),EG.ELC.COAL.ZS,37.16255247,37.1644451,37.68886453,42.8781284,38.53696526,37.26120546,40.30176882,41.03092115,39.84543383,37.70804108,34.21699467,40.00548396,38.98322387,28.96337297,27.31204564,27.63872455,,,,,,,
Russian Federation,RUS,Electricity production from coal sources (% of total),EG.ELC.COAL.ZS,19.87739427,18.88212852,19.03853766,18.74130509,17.19272399,17.2954259,17.89780302,16.68918166,18.90217068,16.52965269,15.98305595,15.54215048,15.74945783,15.22169765,14.78792431,14.82165832,,,,,,,
Rwanda,RWA,Electricity production from coal sources (% of total),EG.ELC.COAL.ZS,,,,,,,,,,,,,,,,,,,,,,,
South Asia,SAS,Electricity production from coal sources (% of total),EG.ELC.COAL.ZS,58.39072536,58.92627208,59.20754811,57.4476874,56.9827629,55.93888605,55.96825504,55.55198346,58.38076493,57.34444027,57.80822891,57.96445983,62.2729985,62.92894751,65.09801529,66.06717868,,,,,,,
Saudi Arabia,SAU,Electricity production from coal sources (% of total),EG.ELC.COAL.ZS,0,0,0,0,0,0,0,0,0,0,0,0,0,0,0,0,,,,,,,
Sudan,SDN,Electricity production from coal sources (% of total),EG.ELC.COAL.ZS,0,0,0,0,0,0,0,0,0,0,0,0,0,0,0,0,,,,,,,
Senegal,SEN,Electricity production from coal sources (% of total),EG.ELC.COAL.ZS,0,0,0,0,0,0,0,0,0,0,0,0,0,0,0,0,,,,,,,
Singapore,SGP,Electricity production from coal sources (% of total),EG.ELC.COAL.ZS,0,0,0,0,0,0,0,0,0,0,0,0,0.012773839,0.644166024,1.097610369,1.196072597,,,,,,,
Solomon Islands,SLB,Electricity production from coal sources (% of total),EG.ELC.COAL.ZS,,,,,,,,,,,,,,,,,,,,,,,
Sierra Leone,SLE,Electricity production from coal sources (% of total),EG.ELC.COAL.ZS,,,,,,,,,,,,,,,,,,,,,,,
El Salvador,SLV,Electricity production from coal sources (% of total),EG.ELC.COAL.ZS,0,0,0,0,0,0,0,0,0,0,0,0,0,0,0,0,,,,,,,
San Marino,SMR,Electricity production from coal sources (% of total),EG.ELC.COAL.ZS,,,,,,,,,,,,,,,,,,,,,,,
Somalia,SOM,Electricity production from coal sources (% of total),EG.ELC.COAL.ZS,,,,,,,,,,,,,,,,,,,,,,,
Serbia,SRB,Electricity production from coal sources (% of total),EG.ELC.COAL.ZS,62.77973052,62.22317108,64.34398175,69.86936606,68.2906119,64.27043922,68.72892739,70.05198358,72.43897803,71.32214534,67.05501964,75.70218809,72.80418014,73.13839957,66.2739939,72.42984439,,,,,,,
Sub-Saharan Africa (excluding high income),SSA,Electricity production from coal sources (% of total),EG.ELC.COAL.ZS,62.60616778,62.0581496,60.80388737,62.37936207,61.34487927,61.13783456,60.47462453,60.80059033,59.9642881,58.51844654,57.44642624,56.57325849,55.80924791,54.16562679,52.10768584,51.10213463,,,,,,,
South Sudan,SSD,Electricity production from coal sources (% of total),EG.ELC.COAL.ZS,,,,,,,,,,,,,0,0,0,0,,,,,,,
Sub-Saharan Africa,SSF,Electricity production from coal sources (% of total),EG.ELC.COAL.ZS,62.55823148,62.0106329,60.75733103,62.33159943,61.29790871,61.09102253,60.42832031,60.75403652,59.91837463,58.47364013,57.40244065,56.52994147,55.76651587,54.12415324,52.06778802,51.06300674,,,,,,,
Small states,SST,Electricity production from coal sources (% of total),EG.ELC.COAL.ZS,2.05343421,2.101039251,2.178497306,1.888084675,1.661833872,2.772110932,2.992089569,2.508983909,2.865632662,2.230334145,2.374648183,2.431361561,2.23421044,2.454290086,3.383430216,3.746052647,,,,,,,
Sao Tome and Principe,STP,Electricity production from coal sources (% of total),EG.ELC.COAL.ZS,,,,,,,,,,,,,,,,,,,,,,,
Suriname,SUR,Electricity production from coal sources (% of total),EG.ELC.COAL.ZS,0,0,0,0,0,0,0,0,0,0,0,0,0,0,0,0,,,,,,,
Slovak Republic,SVK,Electricity production from coal sources (% of total),EG.ELC.COAL.ZS,19.84219755,19.6415118,17.37861666,20.66417092,20.07550886,19.0737433,18.33221337,18.72579951,17.90333797,16.49755006,14.85581124,14.27460407,13.78847783,12.36585537,12.36186828,12.51126464,,,,,,,
Slovenia,SVN,Electricity production from coal sources (% of total),EG.ELC.COAL.ZS,33.84468585,34.00387115,36.32004384,36.96092619,33.99253487,34.86802937,35.9642739,36.44219903,32.4592963,31.2869597,32.53152876,33.34590009,33.09107281,30.84319059,21.90176543,29.59438483,,,,,,,
Sweden,SWE,Electricity production from coal sources (% of total),EG.ELC.COAL.ZS,1.69798459,1.979640459,2.476482618,3.076548061,1.200609205,0.887190983,1.072679815,0.907117851,1.080096602,0.651518257,1.297992725,0.971687942,0.600230719,0.729264005,0.575042005,0.666950738,,,,,,,
Eswatini,SWZ,Electricity production from coal sources (% of total),EG.ELC.COAL.ZS,,,,,,,,,,,,,,,,,,,,,,,
Sint Maarten (Dutch part),SXM,Electricity production from coal sources (% of total),EG.ELC.COAL.ZS,,,,,,,,,,,,,,,,,,,,,,,
Seychelles,SYC,Electricity production from coal sources (% of total),EG.ELC.COAL.ZS,,,,,,,,,,,,,,,,,,,,,,,
Syrian Arab Republic,SYR,Electricity production from coal sources (% of total),EG.ELC.COAL.ZS,0,0,0,0,0,0,0,0,0,0,0,0,0,0,0,0,,,,,,,
Turks and Caicos Islands,TCA,Electricity production from coal sources (% of total),EG.ELC.COAL.ZS,,,,,,,,,,,,,,,,,,,,,,,
Chad,TCD,Electricity production from coal sources (% of total),EG.ELC.COAL.ZS,,,,,,,,,,,,,,,,,,,,,,,
East Asia & Pacific (IDA & IBRD countries),TEA,Electricity production from coal sources (% of total),EG.ELC.COAL.ZS,67.16993134,66.0390416,67.45737576,69.78325496,69.25529368,70.73396442,72.46697323,73.72713346,71.70823469,71.4027678,70.77772911,73.07251364,70.36888592,70.33121219,67.93129704,66.15346174,,,,,,,
Europe & Central Asia (IDA & IBRD countries),TEC,Electricity production from coal sources (% of total),EG.ELC.COAL.ZS,30.49763553,30.31285372,29.7696479,30.04983177,28.43117839,28.71275669,29.65269707,29.78219728,31.09997399,29.49405832,28.74381683,29.79814214,29.2251285,28.82169967,27.93146176,27.61403986,,,,,,,
Togo,TGO,Electricity production from coal sources (% of total),EG.ELC.COAL.ZS,0,0,0,0,0,0,0,0,0,0,0,0,0,0,0,0,,,,,,,
Thailand,THA,Electricity production from coal sources (% of total),EG.ELC.COAL.ZS,18.51797827,19.39855497,17.27959051,16.55710659,16.38868342,15.5238016,18.2417725,21.45935918,21.55115109,20.23936278,18.83564649,22.31474893,19.9960443,22.07937002,21.77836246,19.45432043,,,,,,,
Tajikistan,TJK,Electricity production from coal sources (% of total),EG.ELC.COAL.ZS,0,0,0,0,0,0,0,0,0,0,0,0,0,0.257084429,0.971345313,1.526628598,,,,,,,
Turkmenistan,TKM,Electricity production from coal sources (% of total),EG.ELC.COAL.ZS,0,0,0,0,0,0,0,0,0,0,0,0,0,0,0,0,,,,,,,
Latin America & the Caribbean (IDA & IBRD countries),TLA,Electricity production from coal sources (% of total),EG.ELC.COAL.ZS,4.497260136,4.583593866,4.644078026,4.940926544,4.506829648,5.151158411,5.198544435,5.238897184,4.398899042,4.933182648,5.282880766,5.34604422,5.88360689,6.605951042,6.664827261,6.892445481,,,,,,,
Timor-Leste,TLS,Electricity production from coal sources (% of total),EG.ELC.COAL.ZS,,,,,,,,,,,,,,,,,,,,,,,
Middle East & North Africa (IDA & IBRD countries),TMN,Electricity production from coal sources (% of total),EG.ELC.COAL.ZS,2.709077459,3.331505183,3.096477513,2.990521152,2.952024745,2.840948403,2.687755799,2.458672547,2.144577515,1.929113357,1.773045101,1.861321599,1.811044648,1.778510886,2.229280953,2.341905315,,,,,,,
Tonga,TON,Electricity production from coal sources (% of total),EG.ELC.COAL.ZS,,,,,,,,,,,,,,,,,,,,,,,
South Asia (IDA & IBRD),TSA,Electricity production from coal sources (% of total),EG.ELC.COAL.ZS,58.39072536,58.92627208,59.20754811,57.4476874,56.9827629,55.93888605,55.96825504,55.55198346,58.38076493,57.34444027,57.80822891,57.96445983,62.2729985,62.92894751,65.09801529,66.06717868,,,,,,,
Sub-Saharan Africa (IDA & IBRD countries),TSS,Electricity production from coal sources (% of total),EG.ELC.COAL.ZS,62.55823148,62.0106329,60.75733103,62.33159943,61.29790871,61.09102253,60.42832031,60.75403652,59.91837463,58.47364013,57.40244065,56.52994147,55.76651587,54.12415324,52.06778802,51.06300674,,,,,,,
Trinidad and Tobago,TTO,Electricity production from coal sources (% of total),EG.ELC.COAL.ZS,0,0,0,0,0,0,0,0,0,0,0,0,0,0,0,0,,,,,,,
Tunisia,TUN,Electricity production from coal sources (% of total),EG.ELC.COAL.ZS,0,0,0,0,0,0,0,0,0,0,0,0,0,0,0,0,,,,,,,
Turkiye,TUR,Electricity production from coal sources (% of total),EG.ELC.COAL.ZS,30.56867485,31.3025056,24.8446677,22.94193383,22.85896296,26.66897182,26.46072865,27.89285752,29.08808677,28.58345482,26.06293322,28.86618162,28.39838661,26.56045704,30.26753928,29.09509021,,,,,,,
Tuvalu,TUV,Electricity production from coal sources (% of total),EG.ELC.COAL.ZS,,,,,,,,,,,,,,,,,,,,,,,
Tanzania,TZA,Electricity production from coal sources (% of total),EG.ELC.COAL.ZS,2.710355987,3.231597846,3.715498938,2.745393005,2.57639305,1.153305204,0.696055684,0.86042065,0.432900433,0,0,0,0,0,0,0,,,,,,,
Uganda,UGA,Electricity production from coal sources (% of total),EG.ELC.COAL.ZS,,,,,,,,,,,,,,,,,,,,,,,
Ukraine,UKR,Electricity production from coal sources (% of total),EG.ELC.COAL.ZS,30.07783078,30.76798435,31.47339433,30.32218325,24.79151788,26.90129254,33.60813112,35.67319402,36.67400538,37.5506137,36.94367361,38.21172826,40.54082667,41.82265908,38.73334249,34.57818245,,,,,,,
Upper middle income,UMC,Electricity production from coal sources (% of total),EG.ELC.COAL.ZS,42.04875116,42.63480177,44.05392291,46.41693454,46.86882435,48.80870474,50.70510609,52.65154502,51.95173334,52.48063158,52.57917628,54.96163989,53.33687919,53.91448584,52.55562277,51.37198959,,,,,,,
Uruguay,URY,Electricity production from coal sources (% of total),EG.ELC.COAL.ZS,0,0,0,0,0,0,0,0,0,0,0,0,0,0,0,0,,,,,,,
United States,USA,Electricity production from coal sources (% of total),EG.ELC.COAL.ZS,52.89515225,51.63342695,50.65729949,51.38116764,50.39668955,50.45708636,49.77287778,48.99390945,49.10443981,45.4377316,45.79760576,43.34576409,38.47985569,39.94314124,39.65073269,34.23273373,,,,,,,
Uzbekistan,UZB,Electricity production from coal sources (% of total),EG.ELC.COAL.ZS,4.08629225,4.084568712,4.084364226,4.085020243,4.086,4.083333333,4.086802828,4.085801839,4.085020243,4.086086086,4.085106383,4.083969466,4.085714286,4.084870849,4.084837545,4.085195531,,,,,,,
St. Vincent and the Grenadines,VCT,Electricity production from coal sources (% of total),EG.ELC.COAL.ZS,,,,,,,,,,,,,,,,,,,,,,,
"Venezuela, RB",VEN,Electricity production from coal sources (% of total),EG.ELC.COAL.ZS,0,0,0,0,0,0,0,0,0,0,0,0,0,0,0,0,,,,,,,
British Virgin Islands,VGB,Electricity production from coal sources (% of total),EG.ELC.COAL.ZS,,,,,,,,,,,,,,,,,,,,,,,
Virgin Islands (U.S.),VIR,Electricity production from coal sources (% of total),EG.ELC.COAL.ZS,,,,,,,,,,,,,,,,,,,,,,,
Viet Nam,VNM,Electricity production from coal sources (% of total),EG.ELC.COAL.ZS,11.80301946,10.51359122,13.62722092,17.6835675,15.52295007,22.69084539,23.33162515,21.81829035,20.05967628,18.00901713,20.74750008,21.55142594,21.13664195,24.51261055,23.24508294,29.57144628,,,,,,,
Vanuatu,VUT,Electricity production from coal sources (% of total),EG.ELC.COAL.ZS,,,,,,,,,,,,,,,,,,,,,,,
World,WLD,Electricity production from coal sources (% of total),EG.ELC.COAL.ZS,38.61392539,38.42604458,38.72941576,39.80907643,39.35816364,39.83362136,40.49190929,41.11453355,40.61188872,39.99521943,40.08718901,40.97807052,40.25463626,41.02197692,40.46540484,39.14569166,,,,,,,
Samoa,WSM,Electricity production from coal sources (% of total),EG.ELC.COAL.ZS,,,,,,,,,,,,,,,,,,,,,,,
Kosovo,XKX,Electricity production from coal sources (% of total),EG.ELC.COAL.ZS,97.59891782,97.96791444,97.95423957,97.85123967,96.59480647,96.88200987,97.06811006,97.41468459,97.88841534,97.28697749,96.53637771,97.8279607,98.14908295,97.57854406,96.94628403,97.46690636,,,,,,,
"Yemen, Rep.",YEM,Electricity production from coal sources (% of total),EG.ELC.COAL.ZS,0,0,0,0,0,0,0,0,0,0,0,0,0,0,0,0,,,,,,,
South Africa,ZAF,Electricity production from coal sources (% of total),EG.ELC.COAL.ZS,93.06283289,93.74702771,93.3012756,94.10459766,93.94471423,94.63716924,94.71080442,94.77005758,94.26696254,94.09800863,94.26062155,93.80412673,94.63150173,93.74387816,93.10180342,92.71123792,,,,,,,
Zambia,ZMB,Electricity production from coal sources (% of total),EG.ELC.COAL.ZS,0.179533214,0.188845524,0.19624678,0.204597424,0.152797367,0.17905103,0,0,0,0,0,0,0,0,0,0,,,,,,,
Zimbabwe,ZWE,Electricity production from coal sources (% of total),EG.ELC.COAL.ZS,53.39528234,62.07943334,55.46756725,39.09535174,43.18345509,47.31171325,31.96639077,28.11144697,23.71147541,24.07077218,31.71379111,41.65581597,39.05248289,45.46499478,43.85597447,46.7813369,,,,,,,
